code,date,streak,days_to_hit,max_gap_pct,close0,density_pct,window_days
BABY,2026-01-02,1,4,13.8554,332.0,33.3,6
BACA,2026-01-02,1,2,18.5841,226.0,100.0,2
HRTA,2026-01-02,1,1,30.2326,2150.0,40.0,5
OPMS,2026-01-02,1,1,130.2158,139.0,37.5,8
WEGE,2026-01-02,1,6,11.4286,70.0,30.0,10
BACA,2026-01-05,2,1,20.7207,222.0,66.7,3
HRTA,2026-01-05,2,5,23.348,2270.0,33.3,6
BACA,2026-01-06,3,2,12.605,238.0,50.0,4
ATAP,2026-01-07,1,3,26.6667,600.0,33.3,6
BABP,2026-01-07,1,4,14.0625,64.0,100.0,2
BCAP,2026-01-07,1,3,12.6984,63.0,100.0,2
CPRO,2026-01-07,1,8,13.8889,72.0,100.0,2
LMAX,2026-01-07,1,2,52.1472,163.0,33.3,6
MINA,2026-01-07,1,2,51.6736,478.0,66.7,3
TMAS,2026-01-07,2,2,10.241,166.0,66.7,3
YOII,2026-01-07,1,10,30.6306,111.0,100.0,2
BABP,2026-01-08,2,3,15.873,63.0,66.7,3
BCAP,2026-01-08,2,2,16.3934,61.0,66.7,3
BGTG,2026-01-08,1,3,11.9718,142.0,100.0,2
CPRO,2026-01-08,2,7,12.3288,73.0,66.7,3
DKFT,2026-01-08,1,5,12.4294,885.0,100.0,2
ECII,2026-01-08,1,8,28.1553,206.0,100.0,2
IATA,2026-01-08,3,1,10.9756,164.0,50.0,4
MHKI,2026-01-08,1,6,21.6,250.0,66.7,3
NICL,2026-01-08,2,2,15.8501,1735.0,50.0,4
OASA,2026-01-08,1,6,58.6022,372.0,66.7,3
RUIS,2026-01-08,1,1,10.0671,298.0,50.0,4
TRON,2026-01-08,3,1,23.5772,246.0,58.8,17
YOII,2026-01-08,2,9,34.2593,108.0,66.7,3
BABP,2026-01-09,3,2,15.873,63.0,50.0,4
BCAP,2026-01-09,3,1,12.6984,63.0,50.0,4
BGTG,2026-01-09,2,2,12.766,141.0,66.7,3
BNBA,2026-01-09,1,5,50.5376,930.0,40.0,5
CPRO,2026-01-09,3,6,13.8889,72.0,50.0,4
ECII,2026-01-09,2,5,30.6931,202.0,66.7,3
MHKI,2026-01-09,2,5,24.5902,244.0,50.0,4
MORA,2026-01-09,1,5,20.7692,13000.0,33.3,6
NICL,2026-01-09,3,4,10.7438,1815.0,40.0,5
OASA,2026-01-09,2,5,55.2632,380.0,50.0,4
OPMS,2026-01-09,2,4,18.5567,194.0,66.7,3
SMGA,2026-01-09,2,10,12.3967,121.0,66.7,3
YOII,2026-01-09,3,8,30.6306,111.0,50.0,4
BNBA,2026-01-12,2,1,57.3034,890.0,33.3,6
DKFT,2026-01-12,3,3,13.0682,880.0,50.0,4
ECII,2026-01-12,3,4,34.6939,196.0,50.0,4
INPC,2026-01-12,3,1,15.1786,224.0,50.0,4
MGLV,2026-01-12,1,4,35.0,2400.0,84.6,13
MHKI,2026-01-12,3,4,31.0345,232.0,40.0,5
NPGF,2026-01-12,1,1,41.9355,62.0,100.0,2
OASA,2026-01-12,3,4,58.6022,372.0,40.0,5
OPMS,2026-01-12,3,3,24.3243,185.0,50.0,4
PBSA,2026-01-12,1,3,45.1187,1895.0,36.4,11
SMGA,2026-01-12,3,9,11.4754,122.0,50.0,4
ASLI,2026-01-13,2,2,16.3934,610.0,50.0,4
DKHH,2026-01-13,1,1,11.1111,99.0,50.0,6
MGLV,2026-01-13,2,2,50.0,2160.0,78.6,14
MINA,2026-01-13,1,1,21.0526,570.0,33.3,6
PBSA,2026-01-13,2,2,50.2732,1830.0,33.3,12
ARGO,2026-01-14,1,1,76.6355,1070.0,43.8,48
ASLI,2026-01-14,3,2,13.6,625.0,40.0,5
NPGF,2026-01-14,1,6,27.5362,69.0,75.0,4
PBSA,2026-01-14,3,1,41.7526,1940.0,30.8,13
ASPR,2026-01-15,1,1,35.4331,127.0,100.0,2
INAI,2026-01-15,1,3,65.0794,189.0,50.0,6
MSKY,2026-01-15,1,3,13.1579,114.0,66.7,3
NPGF,2026-01-15,2,5,27.5362,69.0,60.0,5
DAAZ,2026-01-19,1,3,43.0595,3530.0,50.0,10
INAI,2026-01-19,2,2,68.6486,185.0,42.9,7
MBMA,2026-01-19,1,5,11.6883,770.0,66.7,3
MINA,2026-01-19,1,1,10.8333,600.0,40.0,5
MSKY,2026-01-19,2,2,16.2162,111.0,50.0,4
NPGF,2026-01-19,3,4,29.4118,68.0,50.0,6
ASPR,2026-01-20,1,2,12.4183,153.0,50.0,4
AYLS,2026-01-20,2,10,10.7914,278.0,66.7,3
CHEM,2026-01-20,1,1,15.6522,115.0,100.0,2
DAAZ,2026-01-20,2,1,52.1084,3320.0,45.5,11
ERTX,2026-01-20,1,1,16.1074,298.0,100.0,2
ESTI,2026-01-20,1,1,36.8852,244.0,100.0,2
INAI,2026-01-20,3,1,67.7419,186.0,37.5,8
INOV,2026-01-20,1,1,14.2857,210.0,100.0,2
MBMA,2026-01-20,2,4,11.6883,770.0,50.0,4
MHKI,2026-01-20,1,1,13.4328,268.0,37.5,8
PBSA,2026-01-20,1,1,12.2449,2450.0,100.0,2
ASHA,2026-01-21,1,1,17.0455,88.0,100.0,2
ASPR,2026-01-21,2,1,17.8082,146.0,40.0,5
AYLS,2026-01-21,3,1,22.2222,252.0,50.0,4
BLUE,2026-01-21,1,2,36.1789,4920.0,50.0,4
IKAN,2026-01-21,1,1,19.2,125.0,100.0,2
ISEA,2026-01-21,1,1,10.0917,109.0,100.0,2
ITMA,2026-01-21,1,2,19.4444,2160.0,36.4,11
KICI,2026-01-21,1,3,51.2821,234.0,100.0,2
LPCK,2026-01-21,1,1,77.8626,655.0,100.0,2
ARGO,2026-01-22,2,2,15.8301,1295.0,50.0,4
BLUE,2026-01-22,2,1,38.4298,4840.0,40.0,5
EMAS,2026-01-22,1,2,24.3697,5950.0,100.0,2
ERTX,2026-01-22,3,7,11.8056,288.0,50.0,4
ESTI,2026-01-22,1,1,16.1538,260.0,66.7,3
INAI,2026-01-22,1,1,36.4486,214.0,50.0,6
ITMA,2026-01-22,2,1,13.6564,2270.0,33.3,12
KICI,2026-01-22,2,2,50.0,236.0,66.7,3
NASI,2026-01-22,1,3,55.1181,127.0,50.0,4
ARGO,2026-01-23,3,1,19.0476,1260.0,40.0,5
EMAS,2026-01-23,2,1,19.8381,6175.0,66.7,3
ESIP,2026-01-23,1,1,11.3636,88.0,100.0,2
IFII,2026-01-23,1,3,10.7143,280.0,66.7,3
IKAN,2026-01-23,3,1,16.5289,121.0,50.0,4
KAQI,2026-01-23,1,1,43.8356,73.0,66.7,3
KICI,2026-01-23,3,1,50.0,236.0,50.0,4
NASI,2026-01-23,2,2,68.595,121.0,40.0,5
ZATA,2026-01-23,1,6,16.0377,106.0,40.0,5
CHEM,2026-01-26,3,10,10.9091,110.0,33.3,6
ELIT,2026-01-26,3,4,13.9241,316.0,60.0,5
ESTI,2026-01-26,3,5,18.6275,204.0,40.0,5
GOLF,2026-01-26,2,1,14.6199,342.0,66.7,3
IFII,2026-01-26,2,2,15.6716,268.0,50.0,4
INAI,2026-01-26,1,1,24.7863,234.0,66.7,3
LAJU,2026-01-26,1,1,38.2022,89.0,100.0,2
NASI,2026-01-26,3,1,71.4286,119.0,33.3,6
NPGF,2026-01-26,1,1,11.4286,70.0,36.4,11
TOSK,2026-01-26,3,1,10.0,70.0,50.0,4
UANG,2026-01-26,2,1,19.1781,5475.0,66.7,3
ZATA,2026-01-26,2,1,26.8041,97.0,33.3,6
DFAM,2026-01-27,1,1,30.8333,120.0,31.2,16
EMAS,2026-01-27,1,9,13.5714,7000.0,40.0,5
IFII,2026-01-27,3,1,20.155,258.0,40.0,5
INTD,2026-01-27,1,5,18.0645,310.0,33.3,6
KICI,2026-01-27,1,4,28.9062,256.0,60.0,5
ELSA,2026-01-28,1,2,24.4094,635.0,100.0,2
EMAS,2026-01-28,2,8,13.5714,7000.0,33.3,6
GTRA,2026-01-28,1,2,16.3743,342.0,100.0,2
KICI,2026-01-28,2,1,47.3214,224.0,50.0,6
LPCK,2026-01-28,3,2,27.5168,745.0,50.0,4
MPIX,2026-01-28,1,2,17.7778,90.0,100.0,2
NASI,2026-01-28,1,2,59.375,128.0,37.5,8
AMAG,2026-01-29,1,2,10.3286,426.0,66.7,3
ELSA,2026-01-29,2,3,22.4806,645.0,66.7,3
LAJU,2026-01-29,2,1,24.1379,87.0,40.0,5
MPIX,2026-01-29,2,1,23.2558,86.0,66.7,3
AGII,2026-01-30,1,4,24.3523,1930.0,66.7,3
ALKA,2026-01-30,1,8,13.8211,615.0,50.0,4
ELSA,2026-01-30,3,3,15.3285,685.0,50.0,4
GTRA,2026-01-30,3,1,10.5556,360.0,50.0,4
LAJU,2026-01-30,3,3,21.7391,92.0,33.3,6
AGII,2026-02-02,2,1,37.1429,1750.0,50.0,4
ALKA,2026-02-02,2,6,33.3333,525.0,40.0,5
KAQI,2026-02-02,3,4,10.5882,85.0,33.3,9
MPIX,2026-02-02,1,5,26.1905,84.0,40.0,5
TALF,2026-02-02,1,2,12.9032,620.0,33.3,12
MPIX,2026-02-03,2,4,23.2558,86.0,33.3,6
TALF,2026-02-03,2,1,14.7541,610.0,30.8,13
AGII,2026-02-04,1,1,61.658,1930.0,33.3,6
FITT,2026-02-09,1,1,39.4161,685.0,100.0,2
FITT,2026-02-11,1,1,31.7241,725.0,50.0,4
MSIN,2026-02-12,1,2,39.485,466.0,100.0,2
FITT,2026-02-13,1,2,15.0602,830.0,40.0,5
FIRE,2026-02-18,1,3,24.8619,181.0,63.0,27
FITT,2026-02-18,2,1,16.4634,820.0,33.3,6
FIRE,2026-02-19,2,2,24.8619,181.0,60.7,28
FIRE,2026-02-20,3,1,24.8619,181.0,58.6,29
KIOS,2026-02-20,1,1,33.8346,133.0,30.0,20
PART,2026-02-20,1,1,13.1868,182.0,100.0,2
YELO,2026-02-20,1,1,64.0,100.0,42.9,7
ASPR,2026-02-23,1,1,11.8056,144.0,100.0,2
BIPI,2026-02-24,1,1,26.6667,270.0,50.0,4
PADI,2026-02-24,1,1,10.3896,154.0,50.0,6
ASHA,2026-02-25,1,1,13.0,100.0,75.0,4
BRRC,2026-02-25,3,5,11.215,107.0,50.0,4
DAAZ,2026-02-26,2,1,16.8022,3690.0,33.3,15
TFAS,2026-02-26,1,2,15.2672,262.0,100.0,2
ASPR,2026-02-27,1,10,27.8912,147.0,50.0,6
KAQI,2026-02-27,1,1,26.3636,110.0,100.0,2
TFAS,2026-02-27,2,1,15.2672,262.0,66.7,3
BIPI,2026-03-02,3,1,13.3333,270.0,40.0,5
JAYA,2026-03-02,2,1,12.5786,159.0,66.7,3
KAQI,2026-03-02,2,1,16.9492,118.0,66.7,3
JAYA,2026-03-03,3,1,12.2302,139.0,50.0,4
APEX,2026-03-04,1,2,10.1695,236.0,100.0,2
BNBR,2026-03-04,2,1,11.5152,165.0,66.7,3
BRRC,2026-03-04,1,1,11.4286,105.0,33.3,9
RUIS,2026-03-04,1,2,12.782,266.0,100.0,2
TKIM,2026-03-04,2,1,10.4,9375.0,40.0,5
RUIS,2026-03-05,2,1,12.782,266.0,66.7,3
APEX,2026-03-06,3,1,10.3448,232.0,50.0,4
ICON,2026-03-09,1,2,24.1667,120.0,100.0,2
ITMA,2026-03-09,2,2,10.2362,2540.0,30.0,10
ICON,2026-03-10,2,1,21.1382,123.0,66.7,3
MEDC,2026-03-10,1,9,12.1739,1725.0,33.3,6
OILS,2026-03-10,1,2,27.8261,230.0,33.3,6
ICON,2026-03-11,3,5,34.5455,110.0,75.0,4
OILS,2026-03-13,1,1,33.3333,228.0,50.0,4
ASPR,2026-03-16,1,3,76.4706,153.0,40.0,5
OILS,2026-03-16,2,5,25.6198,242.0,40.0,5
ASPR,2026-03-17,2,2,87.5,144.0,33.3,6
OILS,2026-03-17,3,4,32.1739,230.0,33.3,6
ALKA,2026-03-25,1,6,33.3333,690.0,40.0,5
PSDN,2026-03-25,2,4,12.3188,138.0,66.7,3
PSDN,2026-03-26,3,3,15.6716,134.0,50.0,4
NETV,2026-03-30,1,3,16.6667,90.0,37.5,8
FUJI,2026-03-31,1,6,12.9534,386.0,50.0,4
GULA,2026-03-31,3,5,12.2699,326.0,50.0,4
GMFI,2026-04-01,2,8,14.2857,63.0,75.0,4
GSMF,2026-04-01,1,2,63.3663,101.0,100.0,2
NETV,2026-04-01,1,1,17.7778,90.0,30.0,10
CHEM,2026-04-02,1,1,13.8686,137.0,100.0,2
DFAM,2026-04-02,1,6,57.4468,94.0,50.0,4
FORE,2026-04-02,1,1,62.0155,645.0,100.0,2
GSMF,2026-04-02,2,1,66.6667,99.0,66.7,3
OILS,2026-04-02,1,1,20.438,274.0,30.0,10
WOWS,2026-04-02,1,8,12.987,77.0,33.3,6
AMOR,2026-04-06,2,7,11.8343,338.0,30.0,340
CHEM,2026-04-06,2,1,10.0,120.0,66.7,3
DFAM,2026-04-06,2,4,60.8696,92.0,40.0,5
MOLI,2026-04-06,2,6,10.4839,248.0,66.7,3
NETV,2026-04-06,1,6,17.7778,90.0,33.3,12
DFAM,2026-04-07,3,3,59.1398,93.0,33.3,6
FORE,2026-04-07,1,1,41.2162,740.0,100.0,4
MOLI,2026-04-07,3,5,10.4839,248.0,50.0,4
NETV,2026-04-07,2,5,16.4835,91.0,30.8,13
TRON,2026-04-07,1,1,20.1299,154.0,66.7,3
ESIP,2026-04-08,1,1,23.4043,94.0,100.0,2
POLA,2026-04-08,1,1,36.7089,79.0,80.0,5
GMFI,2026-04-09,1,3,18.0328,61.0,33.3,9
GULA,2026-04-09,1,9,11.5854,328.0,30.0,10
POLA,2026-04-09,2,1,35.0,80.0,83.3,6
BEER,2026-04-10,1,1,54.7445,137.0,40.0,5
ESIP,2026-04-10,1,1,13.7255,102.0,66.7,3
MHKI,2026-04-10,1,8,12.6316,190.0,100.0,2
PEGE,2026-04-10,1,3,14.8387,155.0,66.7,3
MHKI,2026-04-13,2,8,11.4583,192.0,66.7,3
PEGE,2026-04-13,2,2,12.6582,158.0,50.0,4
PMJS,2026-04-13,1,1,12.6761,142.0,50.0,4
BEER,2026-04-14,1,2,30.0613,163.0,42.9,7
DIVA,2026-04-14,1,8,18.8235,170.0,100.0,2
OPMS,2026-04-14,1,2,16.7832,143.0,100.0,2
PEGE,2026-04-14,3,1,11.25,160.0,40.0,5
TRUK,2026-04-14,1,4,43.1535,482.0,100.0,2
BAPA,2026-04-15,1,2,89.3939,132.0,100.0,2
BEER,2026-04-15,2,1,30.8642,162.0,37.5,8
COCO,2026-04-15,1,5,33.1776,428.0,100.0,2
DIVA,2026-04-15,2,7,18.8235,170.0,66.7,3
MORA,2026-04-15,1,6,10.5263,5700.0,40.0,5
OPMS,2026-04-15,2,1,20.1439,139.0,66.7,3
TRUK,2026-04-15,2,3,43.1535,482.0,66.7,3
BAPA,2026-04-16,2,1,85.1852,135.0,66.7,3
COCO,2026-04-16,2,4,31.3364,434.0,66.7,3
DIVA,2026-04-16,3,6,21.6867,166.0,50.0,4
FPNI,2026-04-16,2,9,11.5385,520.0,37.5,8
MORA,2026-04-16,2,5,12.0,5625.0,33.3,6
OPMS,2026-04-16,3,9,10.8844,147.0,75.0,4
PSDN,2026-04-16,1,7,36.1257,191.0,66.7,3
PURI,2026-04-16,1,5,13.3721,172.0,100.0,2
SDMU,2026-04-16,1,7,32.3232,99.0,60.0,5
TRUK,2026-04-16,3,2,44.3515,478.0,50.0,4
ZATA,2026-04-16,1,4,12.5,104.0,100.0,2
BIPP,2026-04-17,1,1,65.2174,69.0,100.0,2
COCO,2026-04-17,3,3,39.0244,410.0,50.0,4
CSMI,2026-04-17,1,1,38.6139,101.0,66.7,3
CTTH,2026-04-17,1,2,98.8506,87.0,33.3,6
ENZO,2026-04-17,1,1,37.6812,69.0,100.0,2
FPNI,2026-04-17,3,8,11.5385,520.0,33.3,9
INCF,2026-04-17,1,2,23.3333,60.0,100.0,2
NRCA,2026-04-17,1,3,12.766,705.0,31.2,16
PSDN,2026-04-17,2,5,59.5092,163.0,50.0,4
RICY,2026-04-17,1,2,11.8812,101.0,66.7,3
RODA,2026-04-17,1,1,76.5625,64.0,100.0,2
SDMU,2026-04-17,2,1,55.6701,97.0,50.0,6
WMUU,2026-04-17,1,1,11.3924,79.0,54.5,11
ZATA,2026-04-17,2,2,19.3878,98.0,66.7,3
EMDE,2026-04-20,1,1,25.3012,83.0,100.0,2
INCF,2026-04-20,2,1,27.5862,58.0,66.7,3
LABA,2026-04-20,1,3,10.5263,152.0,100.0,2
MLPT,2026-04-20,2,1,16.0243,986.0,66.7,3
PADA,2026-04-20,1,2,28.9941,169.0,50.0,6
PSDN,2026-04-20,3,1,66.6667,156.0,40.0,5
PURI,2026-04-20,3,3,10.1695,177.0,50.0,4
RICY,2026-04-20,2,1,18.9474,95.0,50.0,4
ZATA,2026-04-20,3,1,21.875,96.0,50.0,4
ASHA,2026-04-21,3,10,10.8434,83.0,50.0,4
INDX,2026-04-21,1,1,13.6364,132.0,100.0,2
KETR,2026-04-21,1,1,20.9091,550.0,100.0,2
LABA,2026-04-21,2,2,13.5135,148.0,66.7,3
MDIA,2026-04-21,1,1,36.1345,119.0,100.0,2
NINE,2026-04-21,1,8,15.493,142.0,50.0,4
PADA,2026-04-21,2,1,26.7442,172.0,42.9,7
RICY,2026-04-21,3,5,27.2727,99.0,40.0,5
BIPP,2026-04-22,1,1,10.4167,96.0,100.0,2
ENZO,2026-04-22,1,8,43.6782,87.0,100.0,2
HALO,2026-04-22,1,9,17.0732,82.0,100.0,2
KRYA,2026-04-22,2,1,11.7647,85.0,50.0,4
LCKM,2026-04-22,1,1,28.5714,140.0,100.0,2
NINE,2026-04-22,2,7,24.2647,136.0,40.0,5
RODA,2026-04-22,1,2,11.9565,92.0,100.0,5
CTTH,2026-04-23,1,1,66.1538,130.0,100.0,2
ENZO,2026-04-23,2,7,58.2278,79.0,66.7,3
GRPH,2026-04-23,1,6,17.4603,63.0,100.0,2
HALO,2026-04-23,2,8,27.1605,81.0,66.7,3
KETR,2026-04-23,1,10,20.354,565.0,50.0,4
LAND,2026-04-23,1,1,15.625,96.0,100.0,2
LCKM,2026-04-23,2,2,30.4348,138.0,66.7,3
NINE,2026-04-23,3,6,27.0677,133.0,33.3,6
PADA,2026-04-23,1,1,19.7802,182.0,50.0,4
RODA,2026-04-23,2,1,30.3797,79.0,83.3,6
BDMN,2026-04-24,1,3,19.8511,4030.0,100.0,2
BIPP,2026-04-24,3,1,17.0455,88.0,50.0,4
BSBK,2026-04-24,2,3,11.6667,60.0,66.7,3
ENZO,2026-04-24,3,3,76.0563,71.0,50.0,4
GRPH,2026-04-24,2,5,21.3115,61.0,66.7,3
HALO,2026-04-24,3,7,36.8421,76.0,75.0,4
INCF,2026-04-24,3,3,10.1695,59.0,42.9,7
KETR,2026-04-24,2,9,29.5238,525.0,40.0,5
KOTA,2026-04-24,1,1,35.9375,128.0,66.7,3
LAND,2026-04-24,2,1,26.1364,88.0,66.7,3
LCKM,2026-04-24,3,1,52.5424,118.0,50.0,4
MDIA,2026-04-24,1,1,28.9062,128.0,50.0,4
PADA,2026-04-24,2,2,30.5389,167.0,40.0,5
RODA,2026-04-24,3,1,30.0,70.0,85.7,7
TRUK,2026-04-24,1,7,12.3894,565.0,50.0,4
BABY,2026-04-27,3,1,18.4397,282.0,50.0,4
BDMN,2026-04-27,2,2,25.1269,3940.0,66.7,3
GRPH,2026-04-27,3,4,21.3115,61.0,50.0,4
INDX,2026-04-27,1,1,10.0917,109.0,33.3,6
KETR,2026-04-27,3,7,32.0388,515.0,33.3,6
KOBX,2026-04-27,2,4,15.1832,191.0,50.0,4
KOTA,2026-04-27,2,2,29.8507,134.0,50.0,4
LAND,2026-04-27,3,5,19.3548,93.0,50.0,4
MDIA,2026-04-27,2,7,25.0,132.0,40.0,5
PADA,2026-04-27,3,1,27.4854,171.0,33.3,6
TRUK,2026-04-27,2,6,12.3894,565.0,40.0,5
BDMN,2026-04-28,3,1,33.2432,3700.0,50.0,4
COAL,2026-04-28,1,1,10.4478,67.0,50.0,4
KOBX,2026-04-28,3,3,13.9896,193.0,40.0,5
KOTA,2026-04-28,3,1,33.8462,130.0,40.0,5
MDIA,2026-04-28,3,1,28.9062,128.0,33.3,6
RODA,2026-04-28,1,2,16.6667,78.0,60.0,5
SKBM,2026-04-28,1,2,11.2782,665.0,66.7,3
SURI,2026-04-28,1,5,28.2051,78.0,33.3,9
TRUK,2026-04-28,3,5,10.4348,575.0,33.3,6
GRPH,2026-04-29,1,2,17.4603,63.0,33.3,6
LCKM,2026-04-29,1,1,21.6,125.0,50.0,6
NTBK,2026-04-29,1,2,22.9885,87.0,30.0,10
RODA,2026-04-29,2,1,13.75,80.0,50.0,6
SDMU,2026-04-29,1,1,54.0816,98.0,42.9,7
SURI,2026-04-29,2,4,29.8701,77.0,30.0,10
BDMN,2026-04-30,1,6,16.2736,4240.0,60.0,5
KJEN,2026-04-30,1,7,27.9412,136.0,100.0,2
RODA,2026-04-30,3,1,15.1899,79.0,42.9,7
ICON,2026-05-04,1,7,17.6471,136.0,100.0,2
INOV,2026-05-04,1,2,17.6871,147.0,100.0,2
KJEN,2026-05-04,2,6,26.087,138.0,66.7,3
SDMU,2026-05-04,1,3,13.8889,108.0,100.0,4
TOOL,2026-05-04,1,1,18.6047,86.0,100.0,2
GRPH,2026-05-05,1,3,10.4478,67.0,33.3,9
ICON,2026-05-05,2,9,14.2857,140.0,66.7,3
INOV,2026-05-05,2,1,20.1389,144.0,66.7,3
KJEN,2026-05-05,3,5,26.087,138.0,50.0,4
NTBK,2026-05-05,1,1,29.2135,89.0,30.8,13
SDMU,2026-05-05,2,2,16.0377,106.0,80.0,5
BDMN,2026-05-06,1,2,22.549,4080.0,37.5,8
BOBA,2026-05-06,1,1,27.9412,272.0,40.0,5
GRPH,2026-05-06,2,2,10.4478,67.0,30.0,10
ICON,2026-05-06,3,2,18.5185,135.0,50.0,4
SDMU,2026-05-06,3,1,19.4175,103.0,66.7,6
BDMN,2026-05-07,2,1,23.1527,4060.0,33.3,9
BOBA,2026-05-07,2,1,24.2857,280.0,33.3,6
HALO,2026-05-07,1,1,28.3951,81.0,33.3,12
RBMS,2026-05-07,1,2,12.8571,70.0,100.0,2
ASPR,2026-05-08,1,8,18.4211,456.0,100.0,2
DEFI,2026-05-08,1,1,17.1271,181.0,50.0,8
ENZO,2026-05-08,2,1,17.4419,86.0,66.7,3
HALO,2026-05-08,2,1,18.1818,88.0,38.5,13
SURI,2026-05-08,1,1,19.0476,84.0,30.8,13
TOOL,2026-05-08,3,2,13.5802,81.0,33.3,6
ASPR,2026-05-11,2,6,39.1753,388.0,66.7,3
DEFI,2026-05-11,2,1,19.774,177.0,44.4,9
ENZO,2026-05-11,3,1,13.6364,88.0,50.0,4
GSMF,2026-05-11,1,5,19.2857,140.0,40.0,5
MPIX,2026-05-11,1,7,12.5,88.0,33.3,9
ASPR,2026-05-12,3,1,63.6364,330.0,50.0,4
BDMN,2026-05-12,1,6,13.8952,4390.0,37.5,8
DPUM,2026-05-12,1,5,10.7692,195.0,66.7,3
GSMF,2026-05-12,2,4,27.4809,131.0,33.3,6
KAEF,2026-05-12,1,4,14.7541,610.0,100.0,2
MEDS,2026-05-12,1,4,10.1695,118.0,100.0,2
PEHA,2026-05-12,1,1,14.0244,328.0,100.0,2
BDMN,2026-05-13,2,5,13.6364,4400.0,33.3,9
DPUM,2026-05-13,2,4,12.5,192.0,50.0,4
HALO,2026-05-13,2,3,10.0,80.0,40.0,5
KAEF,2026-05-13,2,3,16.6667,600.0,66.7,3
LABS,2026-05-13,1,3,22.7273,176.0,100.0,2
MEDS,2026-05-13,2,3,22.6415,106.0,66.7,3
MPOW,2026-05-13,2,5,16.5354,127.0,66.7,3
PEHA,2026-05-13,2,3,10.4938,324.0,66.7,3
BDMN,2026-05-14,3,4,13.6364,4400.0,30.0,10
DPUM,2026-05-14,3,3,12.5,192.0,40.0,5
KAEF,2026-05-14,3,2,16.6667,600.0,50.0,4
LABS,2026-05-14,2,2,22.7273,176.0,66.7,3
MEDS,2026-05-14,3,2,22.6415,106.0,50.0,4
MPOW,2026-05-14,3,4,16.5354,127.0,50.0,4
PEHA,2026-05-14,3,2,10.4938,324.0,50.0,4
LABS,2026-05-15,3,1,22.7273,176.0,50.0,4
MEDS,2026-05-19,1,2,18.0,100.0,33.3,6
PRIM,2026-05-19,2,2,10.3448,87.0,33.3,6
LCKM,2026-05-22,2,1,18.4397,141.0,66.7,3
GRIA,2026-05-26,1,8,51.0791,139.0,30.0,10
RSCH,2026-06-02,1,5,18.9781,274.0,33.3,270
RSCH,2026-06-03,2,4,19.8529,272.0,33.6,271
BREN,2026-06-04,1,7,11.5,4000.0,66.7,3
RSCH,2026-06-04,3,3,21.4815,270.0,33.8,272
VISI,2026-06-04,1,4,28.0,1000.0,100.0,2
BREN,2026-06-05,2,2,24.234,3590.0,50.0,4
NZIA,2026-06-05,1,7,13.0435,230.0,66.7,3
BREN,2026-06-08,3,1,24.234,3590.0,40.0,5
NZIA,2026-06-08,2,1,32.6531,196.0,50.0,4
VISI,2026-06-08,1,2,28.0,1000.0,50.0,4
NZIA,2026-06-09,3,4,36.1257,191.0,40.0,5
CUAN,2026-06-10,1,3,10.9589,730.0,33.3,6
HATM,2026-06-10,1,7,20.0,320.0,33.3,6
VISI,2026-06-10,1,1,24.878,1025.0,33.3,6
BABY,2026-06-12,1,2,20.0,200.0,100.0,2
KBLV,2026-06-12,1,1,15.4639,97.0,100.0,2
RAAM,2026-06-12,2,2,11.5385,208.0,66.7,3
BABY,2026-06-15,2,1,17.6471,204.0,66.7,3
BAIK,2026-06-15,1,3,14.7287,645.0,100.0,2
KIOS,2026-06-15,1,4,33.7209,86.0,50.0,4
OILS,2026-06-15,1,4,14.7208,197.0,100.0,2
RAAM,2026-06-15,3,1,11.5385,208.0,50.0,4
BABY,2026-06-17,3,1,16.5829,199.0,50.0,4
BAIK,2026-06-17,2,1,15.625,640.0,66.7,3
KBLV,2026-06-17,1,6,16.6667,96.0,50.0,4
OILS,2026-06-17,2,3,20.8556,187.0,66.7,3
BAJA,2026-06-18,1,1,15.0943,159.0,100.0,2
BCIC,2026-06-18,1,1,50.0,116.0,66.7,3
CASA,2026-06-18,1,6,22.6158,1835.0,40.0,5
KBLV,2026-06-18,2,2,20.4301,93.0,40.0,5
KIOS,2026-06-18,1,2,30.6818,88.0,33.3,6
LABA,2026-06-18,2,3,13.9785,93.0,33.3,6
OILS,2026-06-18,3,2,20.2128,188.0,50.0,4
RGAS,2026-06-18,1,2,36.5269,167.0,40.0,5
CASA,2026-06-19,2,5,22.9508,1830.0,33.3,6
DATA,2026-06-19,1,1,11.5385,2080.0,66.7,3
ESIP,2026-06-19,1,1,16.4179,134.0,100.0,2
KBLV,2026-06-19,3,1,23.0769,91.0,33.3,6
PPRE,2026-06-19,1,2,17.4757,103.0,50.0,4
RGAS,2026-06-19,2,1,38.1818,165.0,33.3,6
SGER,2026-06-19,3,10,10.3627,386.0,33.3,6
BAIK,2026-06-22,1,1,17.3554,605.0,33.3,6
BCIC,2026-06-22,1,1,25.1799,139.0,66.7,3
PPRE,2026-06-22,2,1,16.3462,104.0,40.0,5
JECC,2026-06-23,2,2,21.5385,650.0,66.7,3
BAJA,2026-06-24,1,3,19.6078,153.0,33.3,6
EMDE,2026-06-24,1,1,17.6471,68.0,100.0,2
EPAC,2026-06-24,1,1,32.8125,64.0,66.7,3
JARR,2026-06-24,1,1,12.2995,1870.0,30.0,10
JECC,2026-06-24,3,9,19.697,660.0,50.0,4
LAJU,2026-06-24,1,6,11.2903,62.0,30.0,20
PPRE,2026-06-24,1,2,13.8614,101.0,42.9,7
RGAS,2026-06-24,1,1,26.0116,173.0,40.0,5
SDMU,2026-06-24,3,7,10.9756,82.0,30.0,10
EMDE,2026-06-25,2,1,14.2857,70.0,66.7,3
PTPW,2026-06-25,1,1,12.1429,1400.0,100.0,2
EMDE,2026-06-26,3,2,14.4928,69.0,50.0,4
ZONE,2026-06-26,1,1,17.094,585.0,50.0,4
PPRE,2026-06-29,2,6,13.1313,99.0,30.0,10
EPAC,2026-06-30,1,4,17.3913,69.0,57.1,7
OILS,2026-06-30,1,6,30.1075,186.0,33.3,12
RICY,2026-06-30,1,2,20.0,75.0,100.0,2
AYLS,2026-07-01,1,1,11.6129,155.0,100.0,2
EPAC,2026-07-01,2,3,17.3913,69.0,50.0,8
RICY,2026-07-01,2,1,20.0,75.0,66.7,3
EPAC,2026-07-02,3,2,14.0845,71.0,44.4,9
KIOS,2026-07-02,1,4,55.9524,84.0,37.5,8
RICY,2026-07-02,3,2,16.8831,77.0,50.0,4
KIOS,2026-07-03,2,3,52.3256,86.0,33.3,9
PEGE,2026-07-03,3,1,11.3636,125.83,41.2,17
RBMS,2026-07-03,1,5,31.0345,58.0,33.3,6
FUTR,2026-07-07,1,5,15.5963,218.0,37.5,8
RGAS,2026-07-07,1,6,14.0,200.0,100.0,2
FUTR,2026-07-08,2,4,19.2661,218.0,33.3,9
NTBK,2026-07-08,1,1,44.8718,78.0,100.0,2
RGAS,2026-07-08,2,5,12.8713,202.0,66.7,3
RMKO,2026-07-08,3,2,13.9394,330.0,50.0,4
APLN,2026-07-09,1,4,16.9355,124.0,100.0,2
BIPP,2026-07-09,1,1,30.0,60.0,100.0,2
KOKA,2026-07-09,1,1,91.4286,140.0,50.0,4
LAND,2026-07-09,1,1,45.1613,62.0,100.0,2
OILS,2026-07-09,1,2,15.534,206.0,37.5,8
PADI,2026-07-09,3,10,10.5263,76.0,33.3,6
RGAS,2026-07-09,3,4,11.7647,204.0,50.0,4
RODA,2026-07-09,1,2,24.1379,58.0,100.0,2
APLN,2026-07-10,2,3,16.0,125.0,66.7,3
BIPP,2026-07-10,2,1,23.8095,63.0,66.7,3
LAND,2026-07-10,2,1,42.8571,63.0,66.7,3
MEDS,2026-07-10,1,4,12.3457,81.0,100.0,2
MMIX,2026-07-10,1,5,13.3333,750.0,100.0,2
OILS,2026-07-10,2,1,37.2549,204.0,33.3,9
RODA,2026-07-10,2,1,22.0339,59.0,66.7,3
SKBM,2026-07-10,1,2,16.1017,590.0,50.0,4
APLN,2026-07-13,3,2,16.0,125.0,50.0,4
MEDS,2026-07-13,2,3,13.75,80.0,66.7,3
MMIX,2026-07-13,2,2,22.3022,695.0,66.7,3
OILS,2026-07-13,3,8,30.8411,214.0,30.0,10
SKBM,2026-07-13,2,1,24.5455,550.0,40.0,5
MEDS,2026-07-14,3,2,12.3457,81.0,50.0,4
MMIX,2026-07-14,3,1,23.1884,690.0,50.0,4
BIPP,2026-07-15,1,6,10.2941,68.0,50.0,6
INOV,2026-07-15,1,5,14.5161,124.0,42.9,7
BIPP,2026-07-16,2,5,10.2941,68.0,42.9,7
INOV,2026-07-16,2,4,13.4921,126.0,37.5,8
KIOS,2026-07-16,3,2,10.8696,92.0,36.4,11
LAND,2026-07-16,1,5,16.8831,77.0,42.9,7
MMIX,2026-07-16,1,1,11.8421,760.0,40.0,5
BIPP,2026-07-17,3,4,10.2941,68.0,37.5,8
GDST,2026-07-17,1,6,29.3478,92.0,100.0,2
INOV,2026-07-17,3,3,20.155,129.0,33.3,9
LAND,2026-07-17,2,4,15.3846,78.0,37.5,8
GDST,2026-07-20,2,5,29.3478,92.0,66.7,3
KBLV,2026-07-20,1,1,13.1783,129.0,100.0,2
LAND,2026-07-20,3,3,16.8831,77.0,33.3,9
MLPL,2026-07-20,1,1,23.8636,88.0,100.0,2
MLPT,2026-07-20,1,1,95.5684,1038.0,100.0,2
FWCT,2026-07-21,1,8,12.9032,93.0,40.0,10
GDST,2026-07-21,3,4,30.7692,91.0,50.0,4
HOPE,2026-07-21,1,8,22.5131,191.0,100.0,2
FWCT,2026-07-22,2,7,12.9032,93.0,36.4,11
HOPE,2026-07-22,2,7,21.875,192.0,66.7,3
PAMG,2026-07-22,1,3,20.6897,58.0,100.0,2
DSSA,2026-07-23,1,10,11.4286,875.0,100.0,2
FORU,2026-07-23,1,1,15.1125,3110.0,100.0,2
FWCT,2026-07-23,3,6,14.1304,92.0,33.3,12
HOPE,2026-07-23,3,2,34.4828,174.0,50.0,4
MINE,2026-07-23,1,7,17.2727,220.0,30.1,83
NANO,2026-07-23,1,3,16.6667,30.0,33.3,9
NETV,2026-07-23,2,7,13.4615,52.0,33.3,12
PAMG,2026-07-23,2,2,22.807,57.0,66.7,3
VKTR,2026-07-23,1,10,13.5802,810.0,57.1,7
BAPI,2026-07-24,1,2,31.25,16.0,31.7,41
BBYB,2026-07-24,2,10,12.2951,244.0,40.0,5
CTTH,2026-07-24,3,1,18.0328,122.0,33.3,6
DSSA,2026-07-24,2,9,21.8391,870.0,66.7,3
JGLE,2026-07-24,1,6,73.0159,63.0,66.7,3
KBLV,2026-07-24,2,5,38.2114,123.0,33.3,6
LPPS,2026-07-24,1,8,12.8205,78.0,50.0,6
NANO,2026-07-24,2,2,20.6897,29.0,30.0,10
NETV,2026-07-24,3,6,15.6863,51.0,30.8,13
PAMG,2026-07-24,3,1,27.2727,55.0,50.0,4
PSDN,2026-07-24,1,1,31.1475,122.0,33.3,6
SWID,2026-07-24,1,10,10.8911,101.0,100.0,2
VKTR,2026-07-24,2,8,21.4286,770.0,50.0,8
WMUU,2026-07-24,1,10,19.2308,52.0,100.0,2
ZATA,2026-07-24,1,6,15.7143,70.0,100.0,2
AWAN,2026-07-27,1,1,22.8188,149.0,30.0,20
BAPI,2026-07-27,2,2,23.5294,17.0,31.0,42
BBYB,2026-07-27,3,9,12.2951,244.0,33.3,6
BULL,2026-07-27,1,4,15.8654,416.0,44.4,9
DSSA,2026-07-27,3,8,25.731,855.0,50.0,4
INAI,2026-07-27,1,1,32.5301,166.0,37.5,8
JGLE,2026-07-27,2,5,70.3125,64.0,50.0,4
MLPT,2026-07-27,1,4,24.6106,1605.0,50.0,4
SULI,2026-07-27,3,10,31.4607,89.0,50.0,4
SWID,2026-07-27,2,9,12.0,100.0,66.7,3
VKTR,2026-07-27,3,7,16.875,800.0,44.4,9
WMUU,2026-07-27,2,9,21.1538,52.0,66.7,3
ZATA,2026-07-27,2,5,15.7143,70.0,66.7,3
BAPI,2026-07-28,3,2,16.6667,18.0,32.6,43
BULL,2026-07-28,2,2,17.561,410.0,40.0,10
DOOH,2026-07-28,1,2,44.6602,206.0,75.0,4
FUJI,2026-07-28,1,10,19.4175,206.0,36.5,85
GDST,2026-07-28,1,2,54.6392,97.0,44.4,9
INAI,2026-07-28,2,1,13.4831,178.0,44.4,9
JGLE,2026-07-28,3,4,73.0159,63.0,40.0,5
MLPT,2026-07-28,2,2,33.7793,1495.0,40.0,5
PSDN,2026-07-28,1,3,23.1405,121.0,37.5,8
SWID,2026-07-28,3,8,10.8911,101.0,50.0,4
WMUU,2026-07-28,3,8,21.1538,52.0,50.0,4
ZATA,2026-07-28,3,4,20.8955,67.0,50.0,4
BAJA,2026-07-29,1,1,96.8586,191.0,100.0,2
BULL,2026-07-29,3,1,21.1055,398.0,36.4,11
DIVA,2026-07-29,1,4,21.6,125.0,100.0,2
DMMX,2026-07-29,1,2,28.4091,176.0,100.0,2
GDST,2026-07-29,2,1,59.5745,94.0,40.0,10
MCAS,2026-07-29,1,2,34.058,276.0,100.0,2
PAMG,2026-07-29,2,8,14.2857,56.0,42.9,7
PSDN,2026-07-29,2,2,25.2101,119.0,33.3,9
BNBR,2026-07-30,1,5,16.4948,97.0,40.0,15
CTTH,2026-07-30,1,5,13.3858,127.0,30.0,10
DIVA,2026-07-30,2,2,23.5772,123.0,66.7,3
DMMX,2026-07-30,2,1,26.257,179.0,66.7,3
FUJI,2026-07-30,1,8,18.2692,208.0,35.6,87
GDST,2026-07-30,3,2,54.6392,97.0,36.4,11
KOBX,2026-07-30,1,3,20.4969,161.0,100.0,2
MCAS,2026-07-30,2,1,42.3077,260.0,66.7,3
PAMG,2026-07-30,3,7,14.2857,56.0,37.5,8
PSDN,2026-07-30,3,1,25.2101,119.0,30.0,10
TNCA,2026-07-30,1,1,10.9756,164.0,66.7,3
BNBR,2026-07-31,2,4,15.3061,98.0,37.5,16
DIVA,2026-07-31,3,1,24.5902,122.0,50.0,4
DMMX,2026-07-31,3,5,21.5054,186.0,50.0,4
HATM,2026-07-31,1,5,19.8113,530.0,30.8,13
INAI,2026-07-31,1,1,12.4294,177.0,33.3,12
KOBX,2026-07-31,2,2,20.4969,161.0,66.7,3
KOTA,2026-07-31,1,1,42.8571,147.0,44.4,18
MCAS,2026-07-31,3,5,40.1515,264.0,50.0,4
